{
	"a-dab-of-ink":"A Dab of Ink",
	"a-mothers-parting-gift":"A Mother's Parting Gift",
	"abandoned-wealth":"Abandoned Wealth",
	"aberrant-fossil":"Aberrant Fossil",
	"abyssal-incubator":"Abyssal Incubator",
	"academy-map":"Academy Map",
	"acid-caverns-map":"Acid Caverns Map",
	"aetheric-fossil":"Aetheric Fossil",
	"alch":"Orb of Alchemy",
	"alleyways-map":"Alleyways Map",
	"alluring-bounty":"Alluring Bounty",
	"alone-in-the-darkness":"Alone in the Darkness",
	"alt":"Orb of Alteration",
	"anarchys-price":"Anarchy's Price",
	"ancient-city-map":"Ancient City Map",
	"ancient-orb":"Ancient Orb",
	"ancient-reliquary-key":"Ancient Reliquary Key",
	"ancient-shard":"Ancient Shard",
	"annulment-shard":"Annulment Shard",
	"apprentice-sextant":"Apprentice Cartographer's Sextant",
	"arachnid-nest-map":"Arachnid Nest Map",
	"arachnid-tomb-map":"Arachnid Tomb Map",
	"arcade-map":"Arcade Map",
	"arena-map":"Arena Map",
	"arid-lake-map":"Arid Lake Map",
	"armoury-map":"Armoury Map",
	"arrogance-of-the-vaal":"Arrogance of the Vaal",
	"arsenal-map":"Arsenal Map",
	"ashen-wood-map":"Ashen Wood Map",
	"assassins-favour":"Assassin's Favour",
	"atoll-map":"Atoll Map",
	"atziris-arsenal":"Atziri's Arsenal",
	"audacity":"Audacity",
	"aug":"Orb of Augmentation",
	"ba":"Glassblower's Bauble",
	"barrows-map":"Barrows Map",
	"basilica-map":"Basilica Map",
	"bazaar-map":"Bazaar Map",
	"beach-map":"Beach Map",
	"beauty-through-death":"Beauty Through Death",
	"belfry-map":"Belfry Map",
	"binding-shard":"Binding Shard",
	"birth-of-the-three":"Birth of the Three",
	"blessed":"Blessed Orb",
	"blessing-chayula":"Blessing of Chayula",
	"blessing-esh":"Blessing of Esh",
	"blessing-of-god":"Blessing of God",
	"blessing-tul":"Blessing of Tul",
	"blessing-uul-netol":"Blessing of Uul-Netol",
	"blessing-xoph":"Blessing of Xoph",
	"blind-venture":"Blind Venture",
	"bloodstained-fossil":"Bloodstained Fossil",
	"bog-map":"Bog Map",
	"bone-crypt-map":"Bone Crypt Map",
	"boon-of-justice":"Boon of Justice",
	"boon-of-the-first-ones":"Boon of the First Ones",
	"bound-fossil":"Bound Fossil",
	"boundless-realms":"Boundless Realms",
	"bowyers-dream":"Bowyer's Dream",
	"burial-chambers-map":"Burial Chambers Map",
	"buried-treasure":"Buried Treasure",
	"burning-blood":"Burning Blood",
	"cage-map":"Cage Map",
	"caldera-map":"Caldera Map",
	"call-to-the-first-ones":"Call to the First Ones",
	"canyon-map":"Canyon Map",
	"carcass-map":"Carcass Map",
	"cartographers-delight":"Cartographer's Delight",
	"cartographers-incubator":"Cartographer's Incubator",
	"castle-ruins-map":"Castle Ruins Map",
	"celestial-armoursmiths-incubator":"Celestial Armoursmith's Incubator",
	"celestial-blacksmiths-incubator":"Celestial Blacksmith's Incubator",
	"celestial-jewellers-incubator":"Celestial Jeweller's Incubator",
	"cells-map":"Cells Map",
	"cemetery-map":"Cemetery Map",
	"chance":"Orb of Chance",
	"channel-map":"Channel Map",
	"chaos":"Chaos Orb",
	"chaos-shard":"Chaos Shard",
	"chaotic-disposition":"Chaotic Disposition",
	"chateau-map":"Chateau Map",
	"chayulas-breachstone":"Chayula's Breachstone",
	"chayulas-charged-breachstone":"Chayula's Charged Breachstone",
	"chayulas-enriched-breachstone":"Chayula's Enriched Breachstone",
	"chayulas-pure-breachstone":"Chayula's Pure Breachstone",
	"chimer":"Fragment of the Chimera",
	"chisel":"Cartographer's Chisel",
	"chrom":"Chromatic Orb",
	"city-square-map":"City Square Map",
	"colonnade-map":"Colonnade Map",
	"colosseum-map":"Colosseum Map",
	"conservatory-map":"Conservatory Map",
	"coral-ruins-map":"Coral Ruins Map",
	"core-map":"Core Map",
	"corroded-fossil":"Corroded Fossil",
	"courthouse-map":"Courthouse Map",
	"courtyard-map":"Courtyard Map",
	"coves-map":"Coves Map",
	"coveted-possession":"Coveted Possession",
	"crater-map":"Crater Map",
	"crimson-temple-map":"Crimson Temple Map",
	"crystal-ore-map":"Crystal Ore Map",
	"cursed-crypt-map":"Cursed Crypt Map",
	"dark-dreams":"Dark Dreams",
	"dark-forest-map":"Dark Forest Map",
	"dark-temptation":"Dark Temptation",
	"dawn":"Sacrifice at Dawn",
	"deafening-essence-of-anger":"Deafening Essence of Anger",
	"deafening-essence-of-anguish":"Deafening Essence of Anguish",
	"deafening-essence-of-contempt":"Deafening Essence of Contempt",
	"deafening-essence-of-doubt":"Deafening Essence of Doubt",
	"deafening-essence-of-dread":"Deafening Essence of Dread",
	"deafening-essence-of-envy":"Deafening Essence of Envy",
	"deafening-essence-of-fear":"Deafening Essence of Fear",
	"deafening-essence-of-greed":"Deafening Essence of Greed",
	"deafening-essence-of-hatred":"Deafening Essence of Hatred",
	"deafening-essence-of-loathing":"Deafening Essence of Loathing",
	"deafening-essence-of-misery":"Deafening Essence of Misery",
	"deafening-essence-of-rage":"Deafening Essence of Rage",
	"deafening-essence-of-scorn":"Deafening Essence of Scorn",
	"deafening-essence-of-sorrow":"Deafening Essence of Sorrow",
	"deafening-essence-of-spite":"Deafening Essence of Spite",
	"deafening-essence-of-suffering":"Deafening Essence of Suffering",
	"deafening-essence-of-torment":"Deafening Essence of Torment",
	"deafening-essence-of-woe":"Deafening Essence of Woe",
	"deafening-essence-of-wrath":"Deafening Essence of Wrath",
	"deafening-essence-of-zeal":"Deafening Essence of Zeal",
	"death":"Death",
	"decadent-incubator":"Decadent Incubator",
	"defiled-cathedral-map":"Defiled Cathedral Map",
	"demigods-wager":"Demigod's Wager",
	"dense-fossil":"Dense Fossil",
	"desert-map":"Desert Map",
	"desert-spring-map":"Desert Spring Map",
	"destined-to-crumble":"Destined to Crumble",
	"diallas-subjugation":"Dialla's Subjugation",
	"dig-map":"Dig Map",
	"divine":"Divine Orb",
	"divine-vessel":"Divine Vessel",
	"diviners-incubator":"Diviner's Incubator",
	"doedres-madness":"Doedre's Madness",
	"dunes-map":"Dunes Map",
	"dungeon-map":"Dungeon Map",
	"dusk":"Sacrifice at Dusk",
	"dying-anguish":"Dying Anguish",
	"earth-drinker":"Earth Drinker",
	"eber":"Eber's Key",
	"echoes-of-love":"Echoes of Love",
	"elder-academy-map":"Elder Academy Map",
	"elder-acid-caverns-map":"Elder Acid Caverns Map",
	"elder-alleyways-map":"Elder Alleyways Map",
	"elder-ancient-city-map":"Elder Ancient City Map",
	"elder-arachnid-nest-map":"Elder Arachnid Nest Map",
	"elder-arachnid-tomb-map":"Elder Arachnid Tomb Map",
	"elder-arcade-map":"Elder Arcade Map",
	"elder-arena-map":"Elder Arena Map",
	"elder-arid-lake-map":"Elder Arid Lake Map",
	"elder-armoury-map":"Elder Armoury Map",
	"elder-arsenal-map":"Elder Arsenal Map",
	"elder-ashen-wood-map":"Elder Ashen Wood Map",
	"elder-atoll-map":"Elder Atoll Map",
	"elder-barrows-map":"Elder Barrows Map",
	"elder-basilica-map":"Elder Basilica Map",
	"elder-bazaar-map":"Elder Bazaar Map",
	"elder-beach-map":"Elder Beach Map",
	"elder-belfry-map":"Elder Belfry Map",
	"elder-bog-map":"Elder Bog Map",
	"elder-bone-crypt-map":"Elder Bone Crypt Map",
	"elder-burial-chambers-map":"Elder Burial Chambers Map",
	"elder-cage-map":"Elder Cage Map",
	"elder-caldera-map":"Elder Caldera Map",
	"elder-canyon-map":"Elder Canyon Map",
	"elder-carcass-map":"Elder Carcass Map",
	"elder-castle-ruins-map":"Elder Castle Ruins Map",
	"elder-cells-map":"Elder Cells Map",
	"elder-cemetery-map":"Elder Cemetery Map",
	"elder-channel-map":"Elder Channel Map",
	"elder-chateau-map":"Elder Chateau Map",
	"elder-city-square-map":"Elder City Square Map",
	"elder-colonnade-map":"Elder Colonnade Map",
	"elder-colosseum-map":"Elder Colosseum Map",
	"elder-conservatory-map":"Elder Conservatory Map",
	"elder-coral-ruins-map":"Elder Coral Ruins Map",
	"elder-core-map":"Elder Core Map",
	"elder-courthouse-map":"Elder Courthouse Map",
	"elder-courtyard-map":"Elder Courtyard Map",
	"elder-coves-map":"Elder Coves Map",
	"elder-crater-map":"Elder Crater Map",
	"elder-crimson-temple-map":"Elder Crimson Temple Map",
	"elder-crystal-ore-map":"Elder Crystal Ore Map",
	"elder-cursed-crypt-map":"Elder Cursed Crypt Map",
	"elder-dark-forest-map":"Elder Dark Forest Map",
	"elder-defiled-cathedral-map":"Elder Defiled Cathedral Map",
	"elder-desert-map":"Elder Desert Map",
	"elder-desert-spring-map":"Elder Desert Spring Map",
	"elder-dig-map":"Elder Dig Map",
	"elder-dunes-map":"Elder Dunes Map",
	"elder-dungeon-map":"Elder Dungeon Map",
	"elder-estuary-map":"Elder Estuary Map",
	"elder-excavation-map":"Elder Excavation Map",
	"elder-factory-map":"Elder Factory Map",
	"elder-fields-map":"Elder Fields Map",
	"elder-flooded-mine-map":"Elder Flooded Mine Map",
	"elder-fungal-hollow-map":"Elder Fungal Hollow Map",
	"elder-gardens-map":"Elder Gardens Map",
	"elder-geode-map":"Elder Geode Map",
	"elder-ghetto-map":"Elder Ghetto Map",
	"elder-glacier-map":"Elder Glacier Map",
	"elder-graveyard-map":"Elder Graveyard Map",
	"elder-grotto-map":"Elder Grotto Map",
	"elder-haunted-mansion-map":"Elder Haunted Mansion Map",
	"elder-iceberg-map":"Elder Iceberg Map",
	"elder-infested-valley-map":"Elder Infested Valley Map",
	"elder-ivory-temple-map":"Elder Ivory Temple Map",
	"elder-jungle-valley-map":"Elder Jungle Valley Map",
	"elder-laboratory-map":"Elder Laboratory Map",
	"elder-lair-map":"Elder Lair Map",
	"elder-lava-chamber-map":"Elder Lava Chamber Map",
	"elder-lava-lake-map":"Elder Lava Lake Map",
	"elder-leyline-map":"Elder Leyline Map",
	"elder-lighthouse-map":"Elder Lighthouse Map",
	"elder-lookout-map":"Elder Lookout Map",
	"elder-malformation-map":"Elder Malformation Map",
	"elder-marshes-map":"Elder Marshes Map",
	"elder-mausoleum-map":"Elder Mausoleum Map",
	"elder-maze-map":"Elder Maze Map",
	"elder-mesa-map":"Elder Mesa Map",
	"elder-mineral-pools-map":"Elder Mineral Pools Map",
	"elder-moon-temple-map":"Elder Moon Temple Map",
	"elder-mud-geyser-map":"Elder Mud Geyser Map",
	"elder-museum-map":"Elder Museum Map",
	"elder-necropolis-map":"Elder Necropolis Map",
	"elder-orchard-map":"Elder Orchard Map",
	"elder-overgrown-ruin-map":"Elder Overgrown Ruin Map",
	"elder-overgrown-shrine-map":"Elder Overgrown Shrine Map",
	"elder-palace-map":"Elder Palace Map",
	"elder-park-map":"Elder Park Map",
	"elder-pen-map":"Elder Pen Map",
	"elder-peninsula-map":"Elder Peninsula Map",
	"elder-phantasmagoria-map":"Elder Phantasmagoria Map",
	"elder-pier-map":"Elder Pier Map",
	"elder-pit-map":"Elder Pit Map",
	"elder-plateau-map":"Elder Plateau Map",
	"elder-plaza-map":"Elder Plaza Map",
	"elder-port-map":"Elder Port Map",
	"elder-precinct-map":"Elder Precinct Map",
	"elder-primordial-blocks-map":"Elder Primordial Blocks Map",
	"elder-primordial-pool-map":"Elder Primordial Pool Map",
	"elder-promenade-map":"Elder Promenade Map",
	"elder-racecourse-map":"Elder Racecourse Map",
	"elder-ramparts-map":"Elder Ramparts Map",
	"elder-reef-map":"Elder Reef Map",
	"elder-relic-chambers-map":"Elder Relic Chambers Map",
	"elder-residence-map":"Elder Residence Map",
	"elder-scriptorium-map":"Elder Scriptorium Map",
	"elder-sepulchre-map":"Elder Sepulchre Map",
	"elder-shipyard-map":"Elder Shipyard Map",
	"elder-shore-map":"Elder Shore Map",
	"elder-shrine-map":"Elder Shrine Map",
	"elder-siege-map":"Elder Siege Map",
	"elder-spider-forest-map":"Elder Spider Forest Map",
	"elder-spider-lair-map":"Elder Spider Lair Map",
	"elder-strand-map":"Elder Strand Map",
	"elder-sulphur-vents-map":"Elder Sulphur Vents Map",
	"elder-summit-map":"Elder Summit Map",
	"elder-sunken-city-map":"Elder Sunken City Map",
	"elder-temple-map":"Elder Temple Map",
	"elder-terrace-map":"Elder Terrace Map",
	"elder-thicket-map":"Elder Thicket Map",
	"elder-tower-map":"Elder Tower Map",
	"elder-toxic-sewer-map":"Elder Toxic Sewer Map",
	"elder-tropical-island-map":"Elder Tropical Island Map",
	"elder-underground-river-map":"Elder Underground River Map",
	"elder-underground-sea-map":"Elder Underground Sea Map",
	"elder-vaal-pyramid-map":"Elder Vaal Pyramid Map",
	"elder-vault-map":"Elder Vault Map",
	"elder-villa-map":"Elder Villa Map",
	"elder-volcano-map":"Elder Volcano Map",
	"elder-waste-pool-map":"Elder Waste Pool Map",
	"elder-wasteland-map":"Elder Wasteland Map",
	"elder-waterways-map":"Elder Waterways Map",
	"elder-wharf-map":"Elder Wharf Map",
	"eldritch-incubator":"Eldritch Incubator",
	"emperor-of-purity":"Emperor of Purity",
	"emperors-luck":"Emperor's Luck",
	"enchanted-fossil":"Enchanted Fossil",
	"enchanted-incubator":"Enchanted Incubator",
	"encrusted-fossil":"Encrusted Fossil",
	"engineers-orb":"Engineer's Orb",
	"engineers-shard":"Engineer's Shard",
	"eshs-breachstone":"Esh's Breachstone",
	"eshs-charged-breachstone":"Esh's Charged Breachstone",
	"eshs-enriched-breachstone":"Esh's Enriched Breachstone",
	"eshs-pure-breachstone":"Esh's Pure Breachstone",
	"essence-of-delirium":"Essence of Delirium",
	"essence-of-horror":"Essence of Horror",
	"essence-of-hysteria":"Essence of Hysteria",
	"essence-of-insanity":"Essence of Insanity",
	"estuary-map":"Estuary Map",
	"ete":"Eternal Orb",
	"exa":"Exalted Orb",
	"exalted-shard":"Exalted Shard",
	"excavation-map":"Excavation Map",
	"faceted-fossil":"Faceted Fossil",
	"factory-map":"Factory Map",
	"fields-map":"Fields Map",
	"fine-incubator":"Fine Incubator",
	"flooded-mine-map":"Flooded Mine Map",
	"forbidden-power":"Forbidden Power",
	"foreboding-incubator":"Foreboding Incubator",
	"forge-of-the-phoenix-map":"Forge of the Phoenix Map",
	"fossilised-incubator":"Fossilised Incubator",
	"fractured-fossil":"Fractured Fossil",
	"fragmented-incubator":"Fragmented Incubator",
	"frigid-fossil":"Frigid Fossil",
	"fungal-hollow-map":"Fungal Hollow Map",
	"fuse":"Orb of Fusing",
	"gardens-map":"Gardens Map",
	"gcp":"Gemcutter's Prism",
	"gemcutters-incubator":"Gemcutter's Incubator",
	"gemcutters-promise":"Gemcutter's Promise",
	"geode-map":"Geode Map",
	"geomancers-incubator":"Geomancer's Incubator",
	"ghetto-map":"Ghetto Map",
	"gift-of-the-gemling-queen":"Gift of the Gemling Queen",
	"gilded-ambush-scarab":"Gilded Ambush Scarab",
	"gilded-bestiary-scarab":"Gilded Bestiary Scarab",
	"gilded-breach-scarab":"Gilded Breach Scarab",
	"gilded-cartography-scarab":"Gilded Cartography Scarab",
	"gilded-divination-scarab":"Gilded Divination Scarab",
	"gilded-elder-scarab":"Gilded Elder Scarab",
	"gilded-fossil":"Gilded Fossil",
	"gilded-harbinger-scarab":"Gilded Harbinger Scarab",
	"gilded-perandus-scarab":"Gilded Perandus Scarab",
	"gilded-reliquary-scarab":"Gilded Reliquary Scarab",
	"gilded-shaper-scarab":"Gilded Shaper Scarab",
	"gilded-sulphite-scarab":"Gilded Sulphite Scarab",
	"gilded-torment-scarab":"Gilded Torment Scarab",
	"glacier-map":"Glacier Map",
	"glimmer-of-hope":"Glimmer of Hope",
	"glyphic-fossil":"Glyphic Fossil",
	"grave-knowledge":"Grave Knowledge",
	"graveyard-map":"Graveyard Map",
	"grie":"Mortal Grief",
	"grotto-map":"Grotto Map",
	"harbingers-orb":"Harbinger's Orb",
	"harbingers-shard":"Harbinger's Shard",
	"harmony-of-souls":"Harmony of Souls",
	"haunted-mansion-map":"Haunted Mansion Map",
	"her-mask":"Her Mask",
	"heterochromia":"Heterochromia",
	"hollow-fossil":"Hollow Fossil",
	"hope":"Mortal Hope",
	"hope-card":"Hope",
	"horizon-shard":"Horizon Shard",
	"house-of-mirrors":"House of Mirrors",
	"hubris":"Hubris",
	"humility":"Humility",
	"hunters-resolve":"Hunter's Resolve",
	"hunters-reward":"Hunter's Reward",
	"hydra":"Fragment of the Hydra",
	"iceberg-map":"Iceberg Map",
	"ign":"Mortal Ignorance",
	"immortal-resolve":"Immortal Resolve",
	"imperial-legacy":"Imperial Legacy",
	"infested-valley-map":"Infested Valley Map",
	"infused-incubator":"Infused Incubator",
	"inya":"Inya's Key",
	"ivory-temple-map":"Ivory Temple Map",
	"jack-in-the-box":"Jack in the Box",
	"jagged-fossil":"Jagged Fossil",
	"jew":"Jeweller's Orb",
	"journeyman-sextant":"Journeyman Cartographer's Sextant",
	"jungle-valley-map":"Jungle Valley Map",
	"laboratory-map":"Laboratory Map",
	"lair-map":"Lair Map",
	"lair-of-the-hydra-map":"Lair of the Hydra Map",
	"lantadors-lost-love":"Lantador's Lost Love",
	"last-hope":"Last Hope",
	"lava-chamber-map":"Lava Chamber Map",
	"lava-lake-map":"Lava Lake Map",
	"left-to-fate":"Left to Fate",
	"leyline-map":"Leyline Map",
	"light-and-truth":"Light and Truth",
	"lighthouse-map":"Lighthouse Map",
	"lingering-remnants":"Lingering Remnants",
	"lookout-map":"Lookout Map",
	"lost-worlds":"Lost Worlds",
	"loyalty":"Loyalty",
	"lucent-fossil":"Lucent Fossil",
	"lucky-connections":"Lucky Connections",
	"lucky-deck":"Lucky Deck",
	"lysahs-respite":"Lysah's Respite",
	"malformation-map":"Malformation Map",
	"marshes-map":"Marshes Map",
	"master-sextant":"Master Cartographer's Sextant",
	"mausoleum-map":"Mausoleum Map",
	"mawr-blaidd":"Mawr Blaidd",
	"maze-map":"Maze Map",
	"maze-of-the-minotaur-map":"Maze of the Minotaur Map",
	"merciless-armament":"Merciless Armament",
	"mesa-map":"Mesa Map",
	"metallic-fossil":"Metallic Fossil",
	"mid":"Sacrifice at Midnight",
	"might-is-right":"Might is Right",
	"mineral-pools-map":"Mineral Pools Map",
	"minot":"Fragment of the Minotaur",
	"mir":"Mirror of Kalandra",
	"mirror-shard":"Mirror Shard",
	"mitts":"Mitts",
	"monochrome":"Monochrome",
	"moon-temple-map":"Moon Temple Map",
	"mortal-set":"Mortal Set",
	"mud-geyser-map":"Mud Geyser Map",
	"museum-map":"Museum Map",
	"muttering-essence-of-anger":"Muttering Essence of Anger",
	"muttering-essence-of-contempt":"Muttering Essence of Contempt",
	"muttering-essence-of-fear":"Muttering Essence of Fear",
	"muttering-essence-of-greed":"Muttering Essence of Greed",
	"muttering-essence-of-hatred":"Muttering Essence of Hatred",
	"muttering-essence-of-sorrow":"Muttering Essence of Sorrow",
	"muttering-essence-of-torment":"Muttering Essence of Torment",
	"muttering-essence-of-woe":"Muttering Essence of Woe",
	"mysterious-incubator":"Mysterious Incubator",
	"necropolis-map":"Necropolis Map",
	"no-traces":"No Traces",
	"noon":"Sacrifice at Noon",
	"obscured-incubator":"Obscured Incubator",
	"offer":"Offering to the Goddess",
	"orb-of-annulment":"Orb of Annulment",
	"orb-of-binding":"Orb of Binding",
	"orb-of-horizons":"Orb of Horizons",
	"orchard-map":"Orchard Map",
	"ornate-incubator":"Ornate Incubator",
	"otherworldly-incubator":"Otherworldly Incubator",
	"overgrown-ruin-map":"Overgrown Ruin Map",
	"overgrown-shrine-map":"Overgrown Shrine Map",
	"p":"Perandus Coin",
	"palace-map":"Palace Map",
	"pale-court-set":"Pale Court Set",
	"park-map":"Park Map",
	"pen-map":"Pen Map",
	"peninsula-map":"Peninsula Map",
	"perfect-fossil":"Perfect Fossil",
	"perfection":"Perfection",
	"phantasmagoria-map":"Phantasmagoria Map",
	"phoenix":"Fragment of the Phoenix",
	"pier-map":"Pier Map",
	"pit-map":"Pit Map",
	"pit-of-the-chimera-map":"Pit of the Chimera Map",
	"plateau-map":"Plateau Map",
	"plaza-map":"Plaza Map",
	"polished-ambush-scarab":"Polished Ambush Scarab",
	"polished-bestiary-scarab":"Polished Bestiary Scarab",
	"polished-breach-scarab":"Polished Breach Scarab",
	"polished-cartography-scarab":"Polished Cartography Scarab",
	"polished-divination-scarab":"Polished Divination Scarab",
	"polished-elder-scarab":"Polished Elder Scarab",
	"polished-harbinger-scarab":"Polished Harbinger Scarab",
	"polished-perandus-scarab":"Polished Perandus Scarab",
	"polished-reliquary-scarab":"Polished Reliquary Scarab",
	"polished-shaper-scarab":"Polished Shaper Scarab",
	"polished-sulphite-scarab":"Polished Sulphite Scarab",
	"polished-torment-scarab":"Polished Torment Scarab",
	"port":"Portal Scroll",
	"port-map":"Port Map",
	"potent-alchemical-resonator":"Potent Alchemical Resonator",
	"potent-chaotic-resonator":"Potent Chaotic Resonator",
	"powerful-alchemical-resonator":"Powerful Alchemical Resonator",
	"powerful-chaotic-resonator":"Powerful Chaotic Resonator",
	"precinct-map":"Precinct Map",
	"pride-before-the-fall":"Pride Before the Fall",
	"pride-of-the-first-ones":"Pride of the First Ones",
	"primal-incubator":"Primal Incubator",
	"prime-alchemical-resonator":"Prime Alchemical Resonator",
	"prime-chaotic-resonator":"Prime Chaotic Resonator",
	"primitive-alchemical-resonator":"Primitive Alchemical Resonator",
	"primitive-chaotic-resonator":"Primitive Chaotic Resonator",
	"primordial-blocks-map":"Primordial Blocks Map",
	"primordial-pool-map":"Primordial Pool Map",
	"prismatic-fossil":"Prismatic Fossil",
	"pristine-fossil":"Pristine Fossil",
	"promenade-map":"Promenade Map",
	"prosperity":"Prosperity",
	"racecourse-map":"Racecourse Map",
	"rage":"Mortal Rage",
	"rain-of-chaos":"Rain of Chaos",
	"rain-tempter":"Rain Tempter",
	"ramparts-map":"Ramparts Map",
	"rats":"Rats",
	"rebirth":"Rebirth",
	"reef-map":"Reef Map",
	"regal":"Regal Orb",
	"regal-shard":"Regal Shard",
	"regret":"Orb of Regret",
	"relic-chambers-map":"Relic Chambers Map",
	"remnant-of-corruption":"Remnant of Corruption",
	"residence-map":"Residence Map",
	"rusted-ambush-scarab":"Rusted Ambush Scarab",
	"rusted-bestiary-scarab":"Rusted Bestiary Scarab",
	"rusted-breach-scarab":"Rusted Breach Scarab",
	"rusted-cartography-scarab":"Rusted Cartography Scarab",
	"rusted-divination-scarab":"Rusted Divination Scarab",
	"rusted-elder-scarab":"Rusted Elder Scarab",
	"rusted-harbinger-scarab":"Rusted Harbinger Scarab",
	"rusted-perandus-scarab":"Rusted Perandus Scarab",
	"rusted-reliquary-scarab":"Rusted Reliquary Scarab",
	"rusted-shaper-scarab":"Rusted Shaper Scarab",
	"rusted-sulphite-scarab":"Rusted Sulphite Scarab",
	"rusted-torment-scarab":"Rusted Torment Scarab",
	"sacrifice-set":"Sacrifice Set",
	"sambodhis-vow":"Sambodhi's Vow",
	"sanctified-fossil":"Sanctified Fossil",
	"scholar-of-the-seas":"Scholar of the Seas",
	"scorched-fossil":"Scorched Fossil",
	"scour":"Orb of Scouring",
	"scr":"Armourer's Scrap",
	"screaming-essence-of-anger":"Screaming Essence of Anger",
	"screaming-essence-of-anguish":"Screaming Essence of Anguish",
	"screaming-essence-of-contempt":"Screaming Essence of Contempt",
	"screaming-essence-of-doubt":"Screaming Essence of Doubt",
	"screaming-essence-of-dread":"Screaming Essence of Dread",
	"screaming-essence-of-envy":"Screaming Essence of Envy",
	"screaming-essence-of-fear":"Screaming Essence of Fear",
	"screaming-essence-of-greed":"Screaming Essence of Greed",
	"screaming-essence-of-hatred":"Screaming Essence of Hatred",
	"screaming-essence-of-loathing":"Screaming Essence of Loathing",
	"screaming-essence-of-misery":"Screaming Essence of Misery",
	"screaming-essence-of-rage":"Screaming Essence of Rage",
	"screaming-essence-of-scorn":"Screaming Essence of Scorn",
	"screaming-essence-of-sorrow":"Screaming Essence of Sorrow",
	"screaming-essence-of-spite":"Screaming Essence of Spite",
	"screaming-essence-of-suffering":"Screaming Essence of Suffering",
	"screaming-essence-of-torment":"Screaming Essence of Torment",
	"screaming-essence-of-woe":"Screaming Essence of Woe",
	"screaming-essence-of-wrath":"Screaming Essence of Wrath",
	"screaming-essence-of-zeal":"Screaming Essence of Zeal",
	"scriptorium-map":"Scriptorium Map",
	"sepulchre-map":"Sepulchre Map",
	"serrated-fossil":"Serrated Fossil",
	"seven-years-bad-luck":"Seven Years Bad Luck",
	"shaped-academy-map":"Shaped Academy Map",
	"shaped-alleyways-map":"Shaped Alleyways Map",
	"shaped-ancient-city-map":"Shaped Ancient City Map",
	"shaped-arachnid-nest-map":"Shaped Arachnid Nest Map",
	"shaped-arachnid-tomb-map":"Shaped Arachnid Tomb Map",
	"shaped-arcade-map":"Shaped Arcade Map",
	"shaped-arena-map":"Shaped Arena Map",
	"shaped-arid-lake-map":"Shaped Arid Lake Map",
	"shaped-armoury-map":"Shaped Armoury Map",
	"shaped-arsenal-map":"Shaped Arsenal Map",
	"shaped-ashen-wood-map":"Shaped Ashen Wood Map",
	"shaped-atoll-map":"Shaped Atoll Map",
	"shaped-barrows-map":"Shaped Barrows Map",
	"shaped-bazaar-map":"Shaped Bazaar Map",
	"shaped-beach-map":"Shaped Beach Map",
	"shaped-bog-map":"Shaped Bog Map",
	"shaped-bone-crypt-map":"Shaped Bone Crypt Map",
	"shaped-burial-chambers-map":"Shaped Burial Chambers Map",
	"shaped-cage-map":"Shaped Cage Map",
	"shaped-castle-ruins-map":"Shaped Castle Ruins Map",
	"shaped-cells-map":"Shaped Cells Map",
	"shaped-channel-map":"Shaped Channel Map",
	"shaped-chateau-map":"Shaped Chateau Map",
	"shaped-city-square-map":"Shaped City Square Map",
	"shaped-conservatory-map":"Shaped Conservatory Map",
	"shaped-coral-ruins-map":"Shaped Coral Ruins Map",
	"shaped-courtyard-map":"Shaped Courtyard Map",
	"shaped-crater-map":"Shaped Crater Map",
	"shaped-cursed-crypt-map":"Shaped Cursed Crypt Map",
	"shaped-desert-map":"Shaped Desert Map",
	"shaped-dunes-map":"Shaped Dunes Map",
	"shaped-dungeon-map":"Shaped Dungeon Map",
	"shaped-estuary-map":"Shaped Estuary Map",
	"shaped-excavation-map":"Shaped Excavation Map",
	"shaped-factory-map":"Shaped Factory Map",
	"shaped-fields-map":"Shaped Fields Map",
	"shaped-flooded-mine-map":"Shaped Flooded Mine Map",
	"shaped-fungal-hollow-map":"Shaped Fungal Hollow Map",
	"shaped-geode-map":"Shaped Geode Map",
	"shaped-ghetto-map":"Shaped Ghetto Map",
	"shaped-glacier-map":"Shaped Glacier Map",
	"shaped-graveyard-map":"Shaped Graveyard Map",
	"shaped-grotto-map":"Shaped Grotto Map",
	"shaped-haunted-mansion-map":"Shaped Haunted Mansion Map",
	"shaped-iceberg-map":"Shaped Iceberg Map",
	"shaped-ivory-temple-map":"Shaped Ivory Temple Map",
	"shaped-jungle-valley-map":"Shaped Jungle Valley Map",
	"shaped-laboratory-map":"Shaped Laboratory Map",
	"shaped-lava-chamber-map":"Shaped Lava Chamber Map",
	"shaped-leyline-map":"Shaped Leyline Map",
	"shaped-lighthouse-map":"Shaped Lighthouse Map",
	"shaped-lookout-map":"Shaped Lookout Map",
	"shaped-marshes-map":"Shaped Marshes Map",
	"shaped-mausoleum-map":"Shaped Mausoleum Map",
	"shaped-maze-map":"Shaped Maze Map",
	"shaped-mesa-map":"Shaped Mesa Map",
	"shaped-mineral-pools-map":"Shaped Mineral Pools Map",
	"shaped-moon-temple-map":"Shaped Moon Temple Map",
	"shaped-mud-geyser-map":"Shaped Mud Geyser Map",
	"shaped-necropolis-map":"Shaped Necropolis Map",
	"shaped-overgrown-ruin-map":"Shaped Overgrown Ruin Map",
	"shaped-overgrown-shrine-map":"Shaped Overgrown Shrine Map",
	"shaped-pen-map":"Shaped Pen Map",
	"shaped-peninsula-map":"Shaped Peninsula Map",
	"shaped-phantasmagoria-map":"Shaped Phantasmagoria Map",
	"shaped-pier-map":"Shaped Pier Map",
	"shaped-pit-map":"Shaped Pit Map",
	"shaped-plateau-map":"Shaped Plateau Map",
	"shaped-port-map":"Shaped Port Map",
	"shaped-primordial-pool-map":"Shaped Primordial Pool Map",
	"shaped-promenade-map":"Shaped Promenade Map",
	"shaped-racecourse-map":"Shaped Racecourse Map",
	"shaped-ramparts-map":"Shaped Ramparts Map",
	"shaped-relic-chambers-map":"Shaped Relic Chambers Map",
	"shaped-residence-map":"Shaped Residence Map",
	"shaped-scriptorium-map":"Shaped Scriptorium Map",
	"shaped-sepulchre-map":"Shaped Sepulchre Map",
	"shaped-shore-map":"Shaped Shore Map",
	"shaped-spider-forest-map":"Shaped Spider Forest Map",
	"shaped-spider-lair-map":"Shaped Spider Lair Map",
	"shaped-strand-map":"Shaped Strand Map",
	"shaped-sulphur-vents-map":"Shaped Sulphur Vents Map",
	"shaped-temple-map":"Shaped Temple Map",
	"shaped-thicket-map":"Shaped Thicket Map",
	"shaped-toxic-sewer-map":"Shaped Toxic Sewer Map",
	"shaped-tropical-island-map":"Shaped Tropical Island Map",
	"shaped-underground-river-map":"Shaped Underground River Map",
	"shaped-underground-sea-map":"Shaped Underground Sea Map",
	"shaped-vault-map":"Shaped Vault Map",
	"shaped-villa-map":"Shaped Villa Map",
	"shaped-volcano-map":"Shaped Volcano Map",
	"shaped-waste-pool-map":"Shaped Waste Pool Map",
	"shaped-waterways-map":"Shaped Waterways Map",
	"shaped-wharf-map":"Shaped Wharf Map",
	"shaper-set":"Shaper Set",
	"shard-of-fate":"Shard of Fate",
	"shipyard-map":"Shipyard Map",
	"shore-map":"Shore Map",
	"shrieking-essence-of-anger":"Shrieking Essence of Anger",
	"shrieking-essence-of-anguish":"Shrieking Essence of Anguish",
	"shrieking-essence-of-contempt":"Shrieking Essence of Contempt",
	"shrieking-essence-of-doubt":"Shrieking Essence of Doubt",
	"shrieking-essence-of-dread":"Shrieking Essence of Dread",
	"shrieking-essence-of-envy":"Shrieking Essence of Envy",
	"shrieking-essence-of-fear":"Shrieking Essence of Fear",
	"shrieking-essence-of-greed":"Shrieking Essence of Greed",
	"shrieking-essence-of-hatred":"Shrieking Essence of Hatred",
	"shrieking-essence-of-loathing":"Shrieking Essence of Loathing",
	"shrieking-essence-of-misery":"Shrieking Essence of Misery",
	"shrieking-essence-of-rage":"Shrieking Essence of Rage",
	"shrieking-essence-of-scorn":"Shrieking Essence of Scorn",
	"shrieking-essence-of-sorrow":"Shrieking Essence of Sorrow",
	"shrieking-essence-of-spite":"Shrieking Essence of Spite",
	"shrieking-essence-of-suffering":"Shrieking Essence of Suffering",
	"shrieking-essence-of-torment":"Shrieking Essence of Torment",
	"shrieking-essence-of-woe":"Shrieking Essence of Woe",
	"shrieking-essence-of-wrath":"Shrieking Essence of Wrath",
	"shrieking-essence-of-zeal":"Shrieking Essence of Zeal",
	"shrine-map":"Shrine Map",
	"shuddering-fossil":"Shuddering Fossil",
	"siege-map":"Siege Map",
	"silver":"Silver Coin",
	"singular-incubator":"Singular Incubator",
	"skittering-incubator":"Skittering Incubator",
	"spider-forest-map":"Spider Forest Map",
	"spider-lair-map":"Spider Lair Map",
	"splinter-chayula":"Splinter of Chayula",
	"splinter-esh":"Splinter of Esh",
	"splinter-tul":"Splinter of Tul",
	"splinter-uul":"Splinter of Uul-Netol",
	"splinter-xoph":"Splinter of Xoph",
	"stacked-deck":"Stacked Deck",
	"strand-map":"Strand Map",
	"struck-by-lightning":"Struck by Lightning",
	"sulphur-vents-map":"Sulphur Vents Map",
	"summit-map":"Summit Map",
	"sunken-city-map":"Sunken City Map",
	"tangled-fossil":"Tangled Fossil",
	"temple-map":"Temple Map",
	"terrace-map":"Terrace Map",
	"thaumaturges-incubator":"Thaumaturge's Incubator",
	"the-admirer":"The Admirer",
	"the-aesthete":"The Aesthete",
	"the-archmages-right-hand":"The Archmage's Right Hand",
	"the-arena-champion":"The Arena Champion",
	"the-army-of-blood":"The Army of Blood",
	"the-artist":"The Artist",
	"the-avenger":"The Avenger",
	"the-battle-born":"The Battle Born",
	"the-beast":"The Beast",
	"the-betrayal":"The Betrayal",
	"the-blazing-fire":"The Blazing Fire",
	"the-body":"The Body",
	"the-breach":"The Breach",
	"the-brittle-emperor":"The Brittle Emperor",
	"the-cacophony":"The Cacophony",
	"the-calling":"The Calling",
	"the-carrion-crow":"The Carrion Crow",
	"the-cartographer":"The Cartographer",
	"the-cataclysm":"The Cataclysm",
	"the-catalyst":"The Catalyst",
	"the-celestial-justicar":"The Celestial Justicar",
	"the-celestial-stone":"The Celestial Stone",
	"the-chains-that-bind":"The Chains that Bind",
	"the-coming-storm":"The Coming Storm",
	"the-conduit":"The Conduit",
	"the-cursed-king":"The Cursed King",
	"the-dapper-prodigy":"The Dapper Prodigy",
	"the-dark-mage":"The Dark Mage",
	"the-darkest-dream":"The Darkest Dream",
	"the-deceiver":"The Deceiver",
	"the-deep-ones":"The Deep Ones",
	"the-demoness":"The Demoness",
	"the-devastator":"The Devastator",
	"the-doctor":"The Doctor",
	"the-doppelganger":"The Doppelganger",
	"the-dragon":"The Dragon",
	"the-dragons-heart":"The Dragon's Heart",
	"the-dreamer":"The Dreamer",
	"the-dreamland":"The Dreamland",
	"the-drunken-aristocrat":"The Drunken Aristocrat",
	"the-encroaching-darkness":"The Encroaching Darkness",
	"the-endless-darkness":"The Endless Darkness",
	"the-endurance":"The Endurance",
	"the-enlightened":"The Enlightened",
	"the-ethereal":"The Ethereal",
	"the-explorer":"The Explorer",
	"the-eye-of-the-dragon":"The Eye of the Dragon",
	"the-fathomless-depths":"The Fathomless Depths",
	"the-feast":"The Feast",
	"the-fiend":"The Fiend",
	"the-fletcher":"The Fletcher",
	"the-floras-gift":"The Flora's Gift",
	"the-fool":"The Fool",
	"the-formless-sea":"The Formless Sea",
	"the-forsaken":"The Forsaken",
	"the-fox":"The Fox",
	"the-gambler":"The Gambler",
	"the-garish-power":"The Garish Power",
	"the-gemcutter":"The Gemcutter",
	"the-gentleman":"The Gentleman",
	"the-gladiator":"The Gladiator",
	"the-golden-era":"The Golden Era",
	"the-hale-heart":"The Hale Heart",
	"the-harvester":"The Harvester",
	"the-hermit":"The Hermit",
	"the-hoarder":"The Hoarder",
	"the-hunger":"The Hunger",
	"the-immortal":"The Immortal",
	"the-incantation":"The Incantation",
	"the-innocent":"The Innocent",
	"the-inoculated":"The Inoculated",
	"the-insatiable":"The Insatiable",
	"the-inventor":"The Inventor",
	"the-iron-bard":"The Iron Bard",
	"the-jester":"The Jester",
	"the-jewellers-boon":"The Jeweller's Boon",
	"the-journey":"The Journey",
	"the-kings-blade":"The King's Blade",
	"the-kings-heart":"The King's Heart",
	"the-landing":"The Landing",
	"the-last-one-standing":"The Last One Standing",
	"the-lich":"The Lich",
	"the-life-thief":"The Life Thief",
	"the-lion":"The Lion",
	"the-lord-in-black":"The Lord in Black",
	"the-lord-of-celebration":"The Lord of Celebration",
	"the-lover":"The Lover",
	"the-lunaris-priestess":"The Lunaris Priestess",
	"the-mad-king":"The Mad King",
	"the-master":"The Master",
	"the-master-artisan":"The Master Artisan",
	"the-mayor":"The Mayor",
	"the-mercenary":"The Mercenary",
	"the-messenger":"The Messenger",
	"the-metalsmiths-gift":"The Metalsmith's Gift",
	"the-nurse":"The Nurse",
	"the-oath":"The Oath",
	"the-obscured":"The Obscured",
	"the-offering":"The Offering",
	"the-one-with-all":"The One With All",
	"the-opulent":"The Opulent",
	"the-pack-leader":"The Pack Leader",
	"the-pact":"The Pact",
	"the-penitent":"The Penitent",
	"the-poet":"The Poet",
	"the-polymath":"The Polymath",
	"the-porcupine":"The Porcupine",
	"the-price-of-protection":"The Price of Protection",
	"the-primordial":"The Primordial",
	"the-professor":"The Professor",
	"the-puzzle":"The Puzzle",
	"the-queen":"The Queen",
	"the-rabid-rhoa":"The Rabid Rhoa",
	"the-realm":"The Realm",
	"the-risk":"The Risk",
	"the-rite-of-elements":"The Rite of Elements",
	"the-road-to-power":"The Road to Power",
	"the-ruthless-ceinture":"The Ruthless Ceinture",
	"the-sacrifice":"The Sacrifice",
	"the-saints-treasure":"The Saint's Treasure",
	"the-samurais-eye":"The Samurai's Eye",
	"the-scarred-meadow":"The Scarred Meadow",
	"the-scavenger":"The Scavenger",
	"the-scholar":"The Scholar",
	"the-seeker":"The Seeker",
	"the-sephirot":"The Sephirot",
	"the-sigil":"The Sigil",
	"the-siren":"The Siren",
	"the-soul":"The Soul",
	"the-spark-and-the-flame":"The Spark and the Flame",
	"the-spoiled-prince":"The Spoiled Prince",
	"the-standoff":"The Standoff",
	"the-stormcaller":"The Stormcaller",
	"the-summoner":"The Summoner",
	"the-sun":"The Sun",
	"the-surgeon":"The Surgeon",
	"the-surveyor":"The Surveyor",
	"the-survivalist":"The Survivalist",
	"the-sword-kings-salute":"The Sword King's Salute",
	"the-thaumaturgist":"The Thaumaturgist",
	"the-throne":"The Throne",
	"the-tower":"The Tower",
	"the-traitor":"The Traitor",
	"the-trial":"The Trial",
	"the-twilight-moon":"The Twilight Moon",
	"the-twins":"The Twins",
	"the-tyrant":"The Tyrant",
	"the-undaunted":"The Undaunted",
	"the-undisputed":"The Undisputed",
	"the-union":"The Union",
	"the-valkyrie":"The Valkyrie",
	"the-valley-of-steel-boxes":"The Valley of Steel Boxes",
	"the-vast":"The Vast",
	"the-visionary":"The Visionary",
	"the-void":"The Void",
	"the-warden":"The Warden",
	"the-warlord":"The Warlord",
	"the-watcher":"The Watcher",
	"the-web":"The Web",
	"the-wilted-rose":"The Wilted Rose",
	"the-wind":"The Wind",
	"the-witch":"The Witch",
	"the-wolf":"The Wolf",
	"the-wolfs-shadow":"The Wolf's Shadow",
	"the-wolven-kings-bite":"The Wolven King's Bite",
	"the-wolverine":"The Wolverine",
	"the-world-eater":"The World Eater",
	"the-wrath":"The Wrath",
	"the-wretched":"The Wretched",
	"thicket-map":"Thicket Map",
	"thirst-for-knowledge":"Thirst for Knowledge",
	"three-faces-in-the-dark":"Three Faces in the Dark",
	"three-voices":"Three Voices",
	"thunderous-skies":"Thunderous Skies",
	"time-lost-incubator":"Time-Lost Incubator",
	"time-lost-relic":"Time-Lost Relic",
	"timeless-eternal-emblem":"Timeless Eternal Emblem",
	"timeless-eternal-empire-splinter":"Timeless Eternal Empire Splinter",
	"timeless-karui-emblem":"Timeless Karui Emblem",
	"timeless-karui-splinter":"Timeless Karui Splinter",
	"timeless-maraketh-emblem":"Timeless Maraketh Emblem",
	"timeless-maraketh-splinter":"Timeless Maraketh Splinter",
	"timeless-templar-emblem":"Timeless Templar Emblem",
	"timeless-templar-splinter":"Timeless Templar Splinter",
	"timeless-vaal-emblem":"Timeless Vaal Emblem",
	"timeless-vaal-splinter":"Timeless Vaal Splinter",
	"timeworn-reliquary-key":"Timeworn Reliquary Key",
	"tower-map":"Tower Map",
	"toxic-sewer-map":"Toxic Sewer Map",
	"tra":"Orb of Transmutation",
	"tranquillity":"Tranquillity",
	"treasure-hunter":"Treasure Hunter",
	"tropical-island-map":"Tropical Island Map",
	"tuls-breachstone":"Tul's Breachstone",
	"tuls-charged-breachstone":"Tul's Charged Breachstone",
	"tuls-enriched-breachstone":"Tul's Enriched Breachstone",
	"tuls-pure-breachstone":"Tul's Pure Breachstone",
	"turn-the-other-cheek":"Turn the Other Cheek",
	"underground-river-map":"Underground River Map",
	"underground-sea-map":"Underground Sea Map",
	"uul-breachstone":"Uul-Netol's Breachstone",
	"uul-charged-breachstone":"Uul-Netol's Charged Breachstone",
	"uul-enriched-breachstone":"Uul-Netol's Enriched Breachstone",
	"uul-pure-breachstone":"Uul-Netol's Pure Breachstone",
	"vaal":"Vaal Orb",
	"vaal-pyramid-map":"Vaal Pyramid Map",
	"vaal-temple-map":"Vaal Temple Map",
	"vanity":"Vanity",
	"vault-map":"Vault Map",
	"vial-of-awakening":"Vial of Awakening",
	"vial-of-consequence":"Vial of Consequence",
	"vial-of-dominance":"Vial of Dominance",
	"vial-of-fate":"Vial of Fate",
	"vial-of-sacrifice":"Vial of Sacrifice",
	"vial-of-summoning":"Vial of Summoning",
	"vial-of-the-ghost":"Vial of the Ghost",
	"vial-of-the-ritual":"Vial of the Ritual",
	"vial-of-transcendence":"Vial of Transcendence",
	"villa-map":"Villa Map",
	"vinias-token":"Vinia's Token",
	"volatile-power":"Volatile Power",
	"volcano-map":"Volcano Map",
	"volkuur":"Volkuur's Key",
	"wailing-essence-of-anger":"Wailing Essence of Anger",
	"wailing-essence-of-anguish":"Wailing Essence of Anguish",
	"wailing-essence-of-contempt":"Wailing Essence of Contempt",
	"wailing-essence-of-doubt":"Wailing Essence of Doubt",
	"wailing-essence-of-fear":"Wailing Essence of Fear",
	"wailing-essence-of-greed":"Wailing Essence of Greed",
	"wailing-essence-of-hatred":"Wailing Essence of Hatred",
	"wailing-essence-of-loathing":"Wailing Essence of Loathing",
	"wailing-essence-of-rage":"Wailing Essence of Rage",
	"wailing-essence-of-sorrow":"Wailing Essence of Sorrow",
	"wailing-essence-of-spite":"Wailing Essence of Spite",
	"wailing-essence-of-suffering":"Wailing Essence of Suffering",
	"wailing-essence-of-torment":"Wailing Essence of Torment",
	"wailing-essence-of-woe":"Wailing Essence of Woe",
	"wailing-essence-of-wrath":"Wailing Essence of Wrath",
	"wailing-essence-of-zeal":"Wailing Essence of Zeal",
	"waste-pool-map":"Waste Pool Map",
	"wasteland-map":"Wasteland Map",
	"waterways-map":"Waterways Map",
	"wealth-and-power":"Wealth and Power",
	"weeping-essence-of-anger":"Weeping Essence of Anger",
	"weeping-essence-of-contempt":"Weeping Essence of Contempt",
	"weeping-essence-of-doubt":"Weeping Essence of Doubt",
	"weeping-essence-of-fear":"Weeping Essence of Fear",
	"weeping-essence-of-greed":"Weeping Essence of Greed",
	"weeping-essence-of-hatred":"Weeping Essence of Hatred",
	"weeping-essence-of-rage":"Weeping Essence of Rage",
	"weeping-essence-of-sorrow":"Weeping Essence of Sorrow",
	"weeping-essence-of-suffering":"Weeping Essence of Suffering",
	"weeping-essence-of-torment":"Weeping Essence of Torment",
	"weeping-essence-of-woe":"Weeping Essence of Woe",
	"weeping-essence-of-wrath":"Weeping Essence of Wrath",
	"wharf-map":"Wharf Map",
	"whe":"Blacksmith's Whetstone",
	"whispering-essence-of-contempt":"Whispering Essence of Contempt",
	"whispering-essence-of-greed":"Whispering Essence of Greed",
	"whispering-essence-of-hatred":"Whispering Essence of Hatred",
	"whispering-essence-of-woe":"Whispering Essence of Woe",
	"whispering-incubator":"Whispering Incubator",
	"wis":"Scroll of Wisdom",
	"xophs-breachstone":"Xoph's Breachstone",
	"xophs-charged-breachstone":"Xoph's Charged Breachstone",
	"xophs-enriched-breachstone":"Xoph's Enriched Breachstone",
	"xophs-pure-breachstone":"Xoph's Pure Breachstone",
	"yriel":"Yriel's Key"
}